1.18151936719086E-07,5.24860605871695E-07,6.18362811703683E-07,5.76262680857906E-07,4.79202957146087E-07,1.45764108974268E-07,6.51713100846043E-07,9.11534432838028E-07,6.1300548174857E-07,8.91024549406489E-07,1.14042416987468E-06,1.28266270184958E-06,1.73774451743998E-06,2.12524704580527E-06,1.99141218168496E-06,1.38875062789581E-06,6.09910559293484E-07,4.27840462214961E-07,5.76718405113737E-07,4.83551282903362E-07,1
3.95478555156339E-05,2.40095995613191E-05,1.85810494381456E-05,2.18927323839808E-05,4.76607101205162E-05,4.68614026697676E-05,1.68887153295991E-05,1.116464025829E-05,1.53532521657009E-05,1.64886204547313E-05,1.83200171046134E-05,2.120383767737E-05,3.46044671212287E-05,3.72781595798815E-05,3.40467587064806E-05,4.54858546298527E-05,0.000123439902493,0.000126095445921,0.000139491777433,0.000201323888685,1
0.002214588329351,0.002211515586003,0.001658419766204,0.00137082219445,0.001104755362427,0.000800980865212,0.000427056328209,9.23488024908918E-05,4.59855062681367E-05,3.72652120068343E-05,0.000103596449929,0.000433742603307,0.001038602145363,0.001387083224711,0.001425874517663,0.001093696139003,0.000585120485803,0.000320170804123,0.000107329765104,4.84136120094698E-05,1
2.62340785814412E-05,8.34071057276212E-05,8.92318420506881E-05,1.9786028485731E-05,1.54832426034578E-05,1.46008245585073E-05,2.90813295477481E-05,3.61550612061388E-05,7.50979052091222E-05,7.59218852602649E-05,3.13996657956674E-05,3.54269232535906E-05,2.29063481287007E-05,1.22937058029847E-05,3.50688527318015E-05,4.98732053285675E-05,2.96191899556246E-05,2.01825109308768E-05,1.69624408652748E-05,1.77039079831242E-05,1
5.13261291342764E-07,2.42980131833236E-07,6.32998225960386E-08,6.71183491423472E-08,7.13402622768449E-08,5.15458984422198E-08,2.2564474513157E-07,2.2361374886079E-07,8.3420335997891E-08,1.44867178243505E-07,2.54926863494062E-07,3.72502516588325E-07,6.82160719668457E-07,8.3746916289269E-07,4.88889853617818E-07,5.34930646307236E-07,5.22414271139716E-07,3.48203571958644E-07,5.23215500776333E-07,7.25131903051704E-07,1
1.29567156984436E-06,6.61487602958536E-05,9.52931575681283E-05,3.97303152227516E-05,6.56864149873872E-05,0.000102505013401,0.000109580418047,0.000399918299058,0.000370316036774,0.000260978010608,0.000333462558048,0.000476117914153,0.000667555615443,0.000772248831494,0.000567495077393,0.000231053213871,0.000216033250005,0.000329469808576,0.000518325055663,0.000312416013902,1
4.19180372141854E-07,2.3596621039065E-07,2.02740673003385E-07,1.74407365896741E-07,4.79836424318961E-07,4.47322841129615E-07,1.37963125917625E-07,1.376820828424E-07,8.70880784531387E-08,1.4552478268137E-07,2.57113821890861E-07,3.00514231701948E-07,2.66447934601502E-07,1.69056783794413E-07,1.36528778961856E-07,1.2980163613499E-07,1.56229913051249E-07,5.00560495956156E-07,5.5337341680927E-07,1.67730197668052E-06,1
1.92535476288868E-06,1.72820296199242E-06,1.3574427318936E-06,2.63994078212708E-06,6.32165869290057E-06,1.03352236324765E-05,9.87008324171332E-06,4.77755232713213E-06,1.12282418570598E-06,1.79328049946036E-07,1.80949606959594E-07,1.73847257148994E-07,1.25541781175704E-06,2.19849219434303E-06,1.61916103575448E-06,1.79699187017662E-06,1.61303111431452E-06,1.21129824601887E-06,1.06477548360263E-06,1.21206491086106E-06,1
6.94706767822379E-07,5.77482055801903E-07,5.0818482246771E-07,9.08767878284602E-07,3.73095049260643E-06,4.37541715403333E-06,2.08970671813895E-06,1.11949699572421E-06,6.56286586001554E-07,1.8296864141943E-06,1.70945160549023E-06,5.69103012714879E-07,5.03149786233102E-06,9.09071174688201E-06,7.11449775222003E-06,3.51391177422301E-06,1.98987547920006E-06,2.24002222631135E-06,2.80392388694974E-06,3.37132176579477E-06,1
1.42937615343077E-08,2.04694682486498E-08,2.97529670128235E-08,1.26403619538473E-07,2.08438225243039E-07,1.84827753509277E-07,8.95461553321617E-08,2.04872716838032E-08,1.87849476232125E-08,2.65533458240031E-08,5.47361975850666E-08,8.50146245303984E-08,1.46665231278342E-07,1.63073004211725E-07,1.9973925311387E-07,2.71766692893538E-07,2.51561980308576E-07,3.94419734342723E-07,4.62284255524683E-07,3.39537816051206E-07,1
5.52753954569806E-07,3.33332285353435E-07,1.0701848427048E-06,2.38694106657089E-06,2.56572941254592E-06,1.88436666041751E-06,2.42641416920993E-06,2.20121618280271E-06,1.20834451008513E-06,7.11554194857152E-07,3.34347767736927E-07,9.73243486603082E-07,1.35685836974898E-06,1.56821242681054E-06,3.43534869706641E-06,4.78727081023191E-06,3.07172596995122E-06,1.76564210320752E-06,1.72965744836248E-06,2.80923523090972E-06,1
1.53228022500432E-07,4.94085508093419E-07,9.08376131795268E-07,5.42617810432489E-07,1.01749802393674E-06,1.43491446763824E-06,5.58733914457871E-07,1.4203323159683E-07,1.17833701410379E-07,7.05258349033364E-08,1.48279026810377E-07,2.50788827281464E-07,2.16162821746059E-07,1.84270066620745E-07,1.35149479925002E-07,1.54893722324547E-07,2.40314931261387E-07,5.03260533917012E-07,5.83694541236797E-07,3.79965610634367E-07,1
7.15770006824416E-07,9.70646343471812E-07,8.46101636538917E-07,2.80420049055876E-06,4.02717533526513E-06,2.78061452140275E-06,1.3328758173908E-06,6.75823771991266E-07,1.21827855091568E-06,9.59407003928357E-07,4.64529482561106E-07,2.84856048245663E-07,2.0429179289976E-07,3.27462497222682E-07,1.73268620788492E-06,3.66550476088279E-06,2.51219404737054E-06,5.57623189041406E-07,6.43266740594894E-07,6.82373648888625E-07,1
1.83046595839716E-06,1.2943887969637E-06,1.62730004404581E-06,1.23399839394786E-06,1.01035609913805E-06,7.76239450812268E-07,5.63585236724273E-07,5.35221990582621E-07,1.08965020295353E-06,2.0166197773932E-06,7.8581923565017E-06,1.04388332019561E-05,5.94356254511119E-06,1.00296849156861E-05,1.6824390069913E-05,2.92130202238737E-05,7.12726349077976E-05,9.52776775775091E-05,0.000975594794279,0.002584850942353,1
0.000120153212964,0.000137488430256,0.000138351749742,0.000143726814015,0.000147003450419,0.000133048833386,0.000102169452238,0.000134321224953,0.000176422827278,0.000184650092278,0.00015444699675,0.000181324509939,0.00020320168181,0.000156582402294,0.000133647188701,0.000179440986902,0.000187550689321,0.000128213763398,0.000128105273028,0.000141271038479,1
3.31277394857493E-06,2.25953619145537E-06,7.43588811897444E-07,7.51659674536227E-07,3.38888952341118E-07,3.13717090065439E-07,9.7722741957391E-07,2.38564638116103E-06,2.13564287367767E-06,6.70667649640232E-07,7.57239721713601E-07,1.02998353449416E-06,7.77272109984966E-07,5.72236113422084E-07,3.71626968488485E-07,4.78392654549422E-07,1.47107069014463E-06,1.89899878447956E-06,2.35601784055821E-06,4.13137623459115E-06,1
1.34540790275447E-05,2.7613891922016E-05,2.12265726958832E-05,2.50074229703495E-05,3.53762486496978E-05,3.0474879828117E-05,5.98517643633764E-05,6.121192751569E-05,2.15426399975863E-05,5.26359690046705E-06,1.12208232188211E-05,9.81502682738156E-05,0.000184241948791,0.000123052047333,3.18019355298568E-05,1.51941454424971E-05,3.4782339351982E-05,7.1231483474062E-05,7.67416408404968E-05,3.65790052179854E-05,1
1.45135728965476E-05,1.52926771895329E-05,2.07385442555072E-05,1.75830706812372E-05,2.22059361212124E-05,5.2730692977077E-05,4.79156361834738E-05,3.28349810447507E-05,2.83256943035005E-05,1.44601841991196E-05,4.64312936403459E-05,4.92838701074054E-05,2.1375317347241E-05,2.2617344262714E-05,2.99988378345501E-05,4.02392598919868E-05,3.76624054595179E-05,5.78619369884817E-05,6.67573838039419E-05,4.30351289828103E-05,1
3.21574554880949E-05,2.01931487286335E-05,2.298304743311E-05,1.51639044915375E-05,1.06428117242368E-05,4.10317364782014E-05,8.39486473732131E-05,6.56713199772565E-05,2.35313099577978E-05,1.21103798556836E-05,1.31391779780489E-05,2.00410880937347E-05,6.19764776137034E-05,6.24604893179379E-05,8.99991292738801E-05,0.000154450468496,9.87381515849425E-05,0.000189314041105,0.000382154323971,0.000218564236645,1
7.3026163390342E-07,4.98161966760511E-07,2.07657340328609E-07,3.03585534164793E-07,4.39335168147323E-07,6.07085952846491E-07,5.00904173965273E-07,2.35504358686513E-07,3.64478319234306E-07,4.91107259398578E-07,5.22575480987668E-07,4.89305668333119E-07,4.78962327614504E-07,6.9904358960796E-07,7.51175562664559E-07,7.55379030449236E-07,5.67699569294732E-07,3.71703901299996E-07,7.93208460490486E-07,9.9964990849013E-07,1
3.4437355679856E-06,1.03230321959687E-06,4.92758896853191E-06,5.95388913439876E-06,1.87164202578091E-06,1.9442352875217E-06,2.28010744010916E-06,8.68500049516848E-07,2.5622790051301E-07,3.00697424278622E-07,1.47199545664458E-06,1.59181701063911E-06,8.84988378583759E-07,1.57921771547729E-06,1.5542219048174E-06,9.10829418740876E-07,1.10739850910446E-06,1.7198102423316E-06,1.56375087652249E-06,9.69849425846492E-07,1
1.43465433242035E-06,2.69510615674297E-06,2.81903755166793E-06,8.09674125272041E-06,1.621407553298E-05,2.42369773031799E-05,2.54822652647784E-05,1.22626611443631E-05,4.98830613347787E-06,8.9798355895875E-06,8.21504006163195E-06,4.79948798530057E-06,4.29376852570135E-06,8.2438177826967E-06,1.4728118112172E-05,1.81633037118527E-05,1.15137462315118E-05,2.69425011448578E-06,1.29014498049664E-06,1.56560431946396E-06,1
9.06077975765816E-05,7.56788304377549E-05,7.81600164672358E-05,8.69851318959487E-05,0.000100931010891,0.000152718970539,0.000137139462067,0.000106240260936,0.000124193320157,0.000101876212854,0.000116065888721,0.000160304392151,0.00016579091056,0.000150395321834,0.000144753754737,0.000161118372246,0.000136896841659,9.58364208622618E-05,0.000131816592479,0.00013196104801,1
5.36830395917985E-06,4.71093088299114E-06,1.27072527875569E-05,1.8135256259157E-05,1.11936703124386E-05,1.00315763202295E-05,1.30378236168015E-05,6.76468783683739E-06,4.82761430566226E-06,5.61170559030905E-06,4.9332764331719E-06,6.42945210963652E-06,3.4326346272249E-06,2.11348561400142E-06,9.41847333681939E-06,9.43775659506104E-06,2.49511006058338E-06,1.7676488127342E-06,2.12392445871278E-06,7.32574761366392E-06,1
2.17556169967275E-06,2.785934867305E-06,1.43122665243523E-06,1.78341486274069E-06,2.78656864344267E-06,5.71526609262805E-06,1.12897394114567E-05,9.66690781622959E-06,2.98396864392867E-06,5.11775078843403E-06,1.30699895796889E-05,1.24178927156031E-05,4.8589842976199E-06,1.70113198407171E-06,1.03313555351237E-06,1.63343692969079E-07,1.78744527848607E-07,2.49694300882405E-06,4.7501158619887E-06,2.83439493674524E-06,1
0.000254695935881,0.000310728720732,0.001166729603828,0.001232268254588,0.000709457003039,0.000735853698796,0.000550220267863,0.000306644373155,0.000218137308131,0.000213576574369,0.000165978487226,0.000298332871362,0.000444891516407,0.000397433534149,0.000434907451641,0.000472347891077,0.000677035595743,0.000859225787353,0.000500491412586,0.000327420125208,1
6.40711978395399E-08,1.88729672001433E-07,5.11528574279485E-07,3.83065720418313E-07,1.25329150896836E-07,2.83617595813004E-07,5.64061487808852E-07,8.4898436291198E-07,1.3907185050376E-06,1.49681252687227E-06,1.04976194134286E-06,9.26539567127176E-07,1.25184148229238E-06,1.47914909171895E-06,1.17763937570478E-06,1.0643493086043E-06,9.69460481760335E-07,5.93007016196309E-07,2.45730418693373E-07,1.00602753277957E-07,1
2.29397763063205E-05,8.52786886182015E-06,2.87848004258354E-05,0.000106919499002,0.000182339249005,0.000125689259686,2.85900512064535E-05,1.22175093752332E-05,1.17676641447428E-05,5.72896428330755E-06,6.52942774536979E-06,9.49934627606724E-06,6.19097839129877E-06,1.50304561268187E-06,1.80722241784809E-06,1.76617081915452E-06,1.48588543892602E-06,2.89242304143583E-06,6.67182222212839E-06,1.15722070764697E-05,1
1.73472814969425E-06,1.55979645136129E-06,3.88088091793469E-07,2.62238365487724E-07,4.1176591453623E-07,7.0297275509133E-07,6.81299063373074E-07,5.57646628441845E-07,1.84546249133961E-06,3.59472952851162E-06,4.0783815809605E-06,2.62775848412605E-06,7.89314885448757E-07,1.13150736333433E-06,1.11035266546328E-06,3.33689019277952E-07,1.20292095122607E-06,1.98595782814754E-06,1.3635072949809E-06,7.43186789751013E-07,1
0.000975659473026,0.000483112588568,0.00033006597913,0.00034216826214,0.000366848329912,0.000299884290094,0.000214685804185,0.000128662177891,9.17632736198049E-05,8.09870022438145E-05,8.33737266912114E-05,0.000135313162529,0.000160144305229,0.000150348778538,0.000780947510686,0.002342807215994,0.003954082930266,0.003998698679089,0.002199497182054,0.000657527094152,1
7.14099011315291E-05,0.000101625456349,0.000508863677134,0.000719903025345,0.000436062460437,0.000203689540963,5.0875561107732E-05,2.4056231729446E-05,1.95973119196897E-05,3.76396675636328E-05,4.85961913738127E-05,6.0702316474533E-05,0.00010120401739,9.9104264303352E-05,5.67078199143432E-05,2.80027358555313E-05,1.86593700877252E-05,2.98755917625992E-05,4.837501638503E-05,6.00086373707182E-05,1
4.11319390764633E-05,4.21492511235443E-05,4.19884612053574E-05,6.11103750387638E-05,9.74212455114007E-05,9.06523138135944E-05,5.29552370696702E-05,4.16924261962388E-05,1.362758892932E-05,5.16947247418427E-06,1.57538189815662E-05,1.4382618497212E-05,1.4622274579598E-05,5.38142993502931E-05,5.79180294462364E-05,8.81513030813651E-05,9.40624887380957E-05,3.58017696511389E-05,2.51931709702309E-05,3.91138725854355E-05,1
4.48945968164164E-05,4.69831891607897E-05,3.94111977568537E-05,2.28319835357395E-05,1.50233166203477E-05,2.4783923903952E-05,2.79651661864835E-05,1.68008189953208E-05,1.04344556402238E-05,2.17490575439675E-05,2.84790006748078E-05,1.99036042321355E-05,2.41307741747143E-05,3.0505113878844E-05,3.03077576651133E-05,3.20974292266553E-05,3.15088856463553E-05,2.2511316952225E-05,1.60596195544744E-05,1.42058199616997E-05,1
2.31289596303126E-07,1.11208158017267E-06,1.58521892836057E-06,7.8812279842256E-07,7.76054470008414E-07,1.05292598141318E-06,6.99452154795305E-07,2.51741753573746E-07,1.54307834873938E-07,3.17707738638785E-07,3.08621700324153E-07,1.61571617685628E-07,1.08623166019766E-07,2.16684743340616E-07,5.96280147584499E-07,5.02630100670811E-07,1.2482254281551E-07,4.08865075801731E-08,3.52089297359007E-08,3.39622181059761E-07,1
5.70336676784318E-07,2.72808098357338E-07,1.21689012062156E-06,1.366709472119E-06,4.10707265531E-07,4.96987130743933E-07,3.3368693787404E-06,3.81112891246974E-06,1.30303753625374E-06,1.15719370990918E-06,1.05199610189684E-06,0.000124920564117,0.000226647191749,0.000149478784879,8.12119196717576E-05,7.27194816370633E-05,5.2639938135233E-05,0.000108965230105,0.000241366529079,0.0001871176719,1
1.68519941111274E-06,2.53965994678774E-06,2.60514601683934E-06,1.25705383939911E-06,1.25257436952109E-06,1.42696514449744E-06,4.80043678861905E-06,9.88696299843385E-06,1.47809245578274E-05,1.49279481850763E-05,8.122292456202E-06,2.832013665192E-06,2.70414160505403E-06,2.80209720330847E-06,9.07317013681404E-07,3.6001445787803E-07,1.29598774172922E-06,2.02643160614872E-06,2.71464267874243E-06,2.96984672790552E-06,1
4.93586908992458E-07,8.30265152766815E-07,9.42896337008903E-07,5.93374223583615E-07,3.90509151693528E-07,5.04896390009869E-07,3.37090586094003E-07,1.69306934649533E-07,1.95059277149461E-07,1.12119952574679E-07,1.00838914510238E-07,8.80370283120633E-08,4.44850165424609E-08,2.26592150256837E-07,5.48524164924059E-07,6.91954293936314E-07,3.70721625228578E-07,2.14475086525032E-07,1.04827949859158E-06,1.25029644514154E-06,1
2.99886303115317E-05,2.12062258843682E-05,1.60932054808507E-05,1.69178796025703E-05,1.65537409262237E-05,7.46002014324573E-06,8.29270354812264E-06,1.24941158227267E-05,1.71731749517004E-05,1.7926329723704E-05,2.42407342613806E-05,2.89846436079088E-05,1.95198880375196E-05,1.31883301929908E-05,2.61629766561613E-05,2.42134076210552E-05,6.93265211737831E-06,1.80679749088444E-05,2.85985163706302E-05,2.37256410664269E-05,1
0.000111342915944,0.000177727997513,0.000203014048362,0.000174479001756,0.000150039749081,0.000129511628293,0.000124396724861,0.000123418802999,0.000132301630933,0.000103205819975,0.000107355725989,0.000226102689552,0.000267040936327,0.000768478621925,0.00124090209176,0.001196781176508,0.000825881274948,0.00036576836437,0.000255491979394,0.000165548535097,1
4.95655125513376E-06,1.0403633351674E-05,1.41362457021995E-05,9.56950243098089E-06,5.51837223507913E-06,1.38449678906643E-05,1.55878950495812E-05,7.72629985996609E-06,8.10915254518276E-06,9.70208706792857E-06,1.13155708048698E-05,1.52254328525068E-05,1.68841550842917E-05,1.98601021058537E-05,1.62087547675661E-05,6.12399618871255E-06,1.01082787430618E-05,1.96911684127731E-05,1.41748469222766E-05,3.56964835049926E-06,1
1.27530323844174E-07,2.59843765760659E-07,3.03875904107904E-07,2.4016048459509E-07,2.43334150213732E-07,1.6916096071993E-07,1.36006488085387E-07,1.59710900249145E-07,1.1773011771906E-07,2.65948374823357E-07,3.26546240367047E-07,2.77126193724814E-07,5.89226847766658E-07,8.75537145330894E-07,7.58397098314555E-07,5.63828218906484E-07,1.3735850065658E-06,2.27806064357842E-06,1.90851795987221E-06,1.72978417956505E-06,1
6.32277619472368E-05,5.55050410690724E-05,4.48451695340652E-05,3.06808417670723E-05,1.78978534050682E-05,8.06997927747356E-06,1.19185780616271E-05,1.20119122345285E-05,5.55149673263425E-06,1.01191675783284E-05,1.08135996580153E-05,1.1843169656862E-05,2.96520695739725E-05,0.000128980151184,0.000251851743614,0.00018377021701,0.000143620382471,0.000256052675769,0.000193414531316,6.09080574741924E-05,1
1.41024928670267E-11,1.41024928670267E-11,1.42562684302175E-10,5.3389979756654E-10,7.63645899974878E-10,8.1909165200347E-10,8.86158638919881E-10,7.30349969851639E-10,5.12686599297891E-10,4.24876997548376E-10,3.98168757287575E-10,4.42101833818457E-10,0.006032994706052,0.073963214473371,0.138872266998384,0.157486551058446,0.164242578030318,0.154873985576237,0.149869818955126,0.132569877238895,0
5.27947431599446E-13,5.27947431599446E-13,8.98139068040683E-10,3.612327095773E-09,5.15464423668883E-09,5.43269857209353E-09,5.93447874528777E-09,4.96474357214266E-09,3.47331354696435E-09,2.88875922606894E-09,2.72530281679728E-09,2.88684832257659E-09,0.006864941981043,0.029844676404659,0.032377123540928,0.016506459209126,0.020829342549508,0.018477114533726,0.006377583723013,0.002227036392397,0
4.28542736931801E-17,4.28542736931801E-17,3.66776315000052E-09,1.47159562387914E-08,2.15874042180611E-08,2.30844222914683E-08,2.47311555493087E-08,2.05544212277654E-08,1.43716134721905E-08,1.19613349313361E-08,1.12876532805112E-08,1.19463957768263E-08,0.016627320230145,0.115179603114033,0.13919966906022,0.063629744120528,0.08701272368603,0.085515824936102,0.028968425070159,0.010013491114497,0
6.08908616451237E-07,6.08908616451237E-07,0.009999950068523,0.048544955062654,0.081593595348491,0.096406471824607,0.109409372131095,0.101848406069979,0.089896193048145,0.093610438382688,0.102732634246196,0.108234731657193,0.11001977687371,0.1082318203046,0.106035316804639,0.096865394266702,0.089490063815307,0.089061348424862,0.095259012450746,0.099937939148084,0
1.22812754296567E-10,1.22812754296567E-10,1.16929092000695E-09,4.37106060907642E-09,6.22564316563927E-09,6.701783884811E-09,7.27905681679303E-09,5.98700904132309E-09,4.22965736484768E-09,3.57635053329573E-09,3.39493660710681E-09,3.54379603569545E-09,0.006715449975674,0.036056753702174,0.040571253149882,0.069028752779627,0.173957979461427,0.237008085634022,0.229709606778924,0.178751819476652,0
2.79481852934454E-12,2.79481852934454E-12,6.57025590677497E-10,2.65512874829054E-09,3.81894739028651E-09,4.11031376102133E-09,4.46323996962085E-09,3.66135645332437E-09,2.55863301133618E-09,2.13421907628015E-09,2.01573547489796E-09,2.12818908836213E-09,0.001003067183125,0.022033959007132,0.031547051669788,0.016108646952804,0.017970700020228,0.016708696889212,0.005805693669776,0.00204886892776,0
1.77026091678096E-13,1.77026091678096E-13,2.2424219915382E-09,8.99699578144025E-09,1.31974677030059E-08,1.41140815638319E-08,1.51216845298572E-08,1.25670404995181E-08,8.78761240708143E-09,7.31585657213942E-09,6.9045622479336E-09,7.3051311756114E-09,0.024729326383794,0.105610941050253,0.112166801523252,0.044890228421794,0.055115565096778,0.055455799899614,0.018952086796755,0.006592248072923,0
8.60283310763291E-15,8.60283310763291E-15,5.63901752267476E-09,2.285390429434E-08,3.28942588248063E-08,3.53926025048777E-08,3.84181067815089E-08,3.15185688007179E-08,2.20054505217639E-08,1.83142671765103E-08,1.72825469427893E-08,1.82918931819691E-08,0.044341294515474,0.201629015723089,0.212556746769086,0.093495483354045,0.127424247919177,0.120811422374869,0.042758546154713,0.014844053200691,0
2.46647395548685E-12,2.46647395548685E-12,9.45074260465274E-11,3.7204713890593E-10,5.44251855566937E-10,5.82888423736676E-10,6.24879696763078E-10,5.19134255435401E-10,3.64249228709746E-10,3.05066871888499E-10,2.88575186593952E-10,3.03500066014987E-10,0.000783505008943,0.003465116374142,0.003632810079613,0.001613790866212,0.002170238960786,0.002029948648977,0.000697797218384,0.000242889416339,0
1.03155298420669E-10,1.03155298420669E-10,3.22286110639404E-10,9.88325335316286E-10,1.38209630158854E-09,1.47399557528447E-09,1.58501029043917E-09,1.32172493577092E-09,9.48696447498033E-10,7.92109845718257E-10,7.47848219192919E-10,8.03021698947872E-10,0.000780348431209,0.00792847766138,0.009701380467336,0.004177261457403,0.005610392626458,0.005354976074056,0.001896046258023,0.000762326047273,0
1.53913243407599E-14,1.53913243407599E-14,4.49902235056173E-10,1.82328574516066E-09,2.62436722229752E-09,2.82361606268409E-09,3.06490338527458E-09,2.51451707566293E-09,1.75550266281996E-09,1.46083313813296E-09,1.36935565897323E-09,1.51579393906272E-09,0.0025870817145,0.033314358239559,0.054577092933101,0.04528952730236,0.046080562980089,0.045545667443669,0.039438933216119,0.033108300153842,0
4.57371327306178E-13,4.57371327306178E-13,1.01648153362743E-09,4.11782425650175E-09,5.92736253835263E-09,6.37680451245425E-09,6.9210431289792E-09,5.67855529264501E-09,3.96404778187655E-09,3.2971934836859E-09,3.11073437981711E-09,3.29476168868529E-09,0.006235026945474,0.031803724905738,0.038895486235798,0.023512028767494,0.028244447746458,0.024194400746118,0.008405549088099,0.003077565509686,0
1.85602790861553E-13,1.85602790861553E-13,8.88271344265868E-11,3.53243582970226E-10,4.98713577036097E-10,5.34635488033557E-10,6.01778593416289E-10,5.09050254678881E-10,3.63274836765266E-10,2.99850072380898E-10,2.70725837364451E-10,2.87284227228106E-10,0.000419204406491,0.003201311647184,0.003638759109838,0.001470650862602,0.007947314291038,0.015792045355958,0.021044926570885,0.029551544547987,0
2.60738313101023E-07,2.60738313101023E-07,0.002288287034714,0.008908625515278,0.013708461455498,0.011031914936764,0.010406559002817,0.017285734037755,0.020989552290659,0.018096281245078,0.010980604522677,0.006757879971752,0.007595633482998,0.00807556553218,0.01215473321742,0.014450194408858,0.013627533212377,0.014875176806076,0.011771276544218,0.00703883421624,0
3.00094971138555E-08,3.00094971138555E-08,7.01861076227539E-05,0.000290397604165,0.000508172198446,0.000643000645497,0.000680554752645,0.000543747759874,0.000324471572305,0.000220051969102,0.000219000542547,0.000217545950381,0.000205137331102,0.000217908139176,0.000212401294922,0.000471299768011,0.000487851548874,0.000244528394461,0.0002143434066,0.000409559943002,0
5.12539835573275E-11,5.12539835573275E-11,5.64903601277817E-09,2.27486946497026E-08,3.27025569699287E-08,3.52014627691946E-08,3.82286486267762E-08,3.1362020052904E-08,2.19306165491931E-08,1.831415352619E-08,1.73051125622961E-08,1.82491706480506E-08,0.013646007726459,0.156275225913209,0.211882387625087,0.105666765882782,0.130813972099049,0.126584806300793,0.043608096975556,0.016314758104544,0
5.03330879884842E-11,5.03330879884842E-11,6.8819569590916E-09,2.77263714323512E-08,3.99041250669962E-08,4.29108164232801E-08,4.65508666781171E-08,3.82107786666412E-08,2.66727504847242E-08,2.21501064364033E-08,2.08840757324963E-08,2.21685190057287E-08,0.018418593309456,0.171296321776616,0.244166822942576,0.144105194670047,0.160624363419419,0.145325275793842,0.050501539708456,0.017802274242633,0
5.84403312462786E-08,5.84403312462786E-08,5.15163600344476E-05,0.000713040400097,0.001482291771443,0.001309040016044,0.00104223218462,0.00087344496007,0.000968475966091,0.001143042252994,0.001116612608248,0.000815109308583,0.000444438314404,0.000504105889589,0.00085931470922,0.000685695827396,0.002121146932416,0.018100736635965,0.043946539595675,0.062526683917863,0
4.74105451592977E-06,4.74105451592977E-06,0.010616575848768,0.033623161135518,0.076899075976779,0.075700974648178,0.068527943332517,0.082608272251977,0.053522173753236,0.038817579615209,0.036742361905188,0.028340761573647,0.027295358736543,0.028236966264273,0.025610181361709,0.02423165778197,0.024454726488757,0.021922090230032,0.019498399761737,0.020825903141597,0
4.94262457630782E-12,4.94262457630782E-12,2.09760624005276E-10,8.29699368974585E-10,1.18086095283859E-09,1.24538959544319E-09,1.36211358802159E-09,1.14039167372647E-09,8.00476936286815E-10,6.70190432730129E-10,6.33879841875286E-10,6.66863803651462E-10,0.001029645760817,0.00798677335303,0.011356549150773,0.00811994041667,0.008760453538345,0.007122751127766,0.003248139311255,0.002067790260585,0
1.09288284102171E-11,1.09288284102171E-11,7.12226496675273E-09,2.88375361869171E-08,4.1492460961728E-08,4.46530901271803E-08,4.84811551083831E-08,3.97708796727974E-08,2.77803618969045E-08,2.31507146223061E-08,2.18576356450879E-08,2.30998355175259E-08,0.023204021545906,0.24038191536961,0.300234623420972,0.130495447757326,0.181430319658452,0.179985913417351,0.061265200060101,0.020827347710089,0
1.54354061271436E-06,1.54354061271436E-06,0.015854499675561,0.065717423069834,0.095753309992644,0.105198188812675,0.117574896618479,0.108451030475143,0.092447565467026,0.089435478739687,0.098482178177453,0.100717585327424,0.113928423699849,0.148623179307578,0.149149222245964,0.139475688344693,0.141567563661337,0.13731875224883,0.144491703342641,0.151174861231936,0
4.8776699360501E-12,4.8776699360501E-12,6.63799009896528E-10,2.64972138748221E-09,3.8833209204067E-09,4.15628792829587E-09,4.45463763878959E-09,3.70077124720552E-09,2.59103246210718E-09,2.16292225894572E-09,2.04345203768748E-09,2.15575334791662E-09,0.004857016957857,0.023342863580812,0.024378451647706,0.010023283997222,0.014522657794802,0.014007265476364,0.00492153007504,0.001744032772004,0
4.19123920786074E-11,4.19123920786074E-11,1.12175328891255E-09,4.3838710377973E-09,6.24317863475992E-09,6.5722115568018E-09,7.16459845936879E-09,6.00024940569898E-09,4.20400381913425E-09,3.48510971525571E-09,3.28347724292566E-09,3.49742863942098E-09,0.006901780193471,0.040420088086306,0.048943676552575,0.022914597667335,0.029222886238381,0.02923660429353,0.010096556904182,0.003604931970636,0
2.22630032871173E-12,2.22630032871173E-12,5.11456109310942E-09,2.071964055086E-08,2.98246620492455E-08,3.20861837352802E-08,3.48247105851413E-08,2.85728195904429E-08,1.99459619543544E-08,1.65907040289816E-08,1.56525463714237E-08,1.6578327454298E-08,0.013657052346146,0.179083252888137,0.247390024495644,0.141588023157374,0.156269128028128,0.137115965547592,0.062269857955425,0.03410735430533,0
8.13508534088703E-12,8.13508534088703E-12,5.57905127616298E-09,2.25820298282125E-08,3.25061094975145E-08,3.49671414220693E-08,3.79470812712772E-08,3.11375097036571E-08,2.17346498767155E-08,1.80699275562418E-08,1.70449226594159E-08,1.80640523568838E-08,0.047412795821823,0.195769173269271,0.203649310645004,0.087571923918776,0.125124681829719,0.124260469043625,0.042981723135178,0.015140391685167,0
4.63269197766599E-13,4.63269197766599E-13,1.54069327111928E-09,6.24330069628134E-09,8.98501737177561E-09,9.66840357974538E-09,1.04960397980502E-08,8.61058655507898E-09,6.01282970920541E-09,5.0071421668609E-09,4.72613769139196E-09,4.99877607951673E-09,0.003579976179198,0.037343779482766,0.046525407499718,0.019693344184666,0.025140984828738,0.024753435031028,0.009898317084312,0.008681010287778,0
3.62593392893524E-13,3.62593392893524E-13,7.53443859678163E-10,3.05280827384637E-09,4.39326184880449E-09,4.7275174059682E-09,5.13233442040141E-09,4.21034752455294E-09,2.94027589185837E-09,2.44885890105525E-09,2.31156096098787E-09,2.44449538156576E-09,0.003140747495888,0.028735241418244,0.04300539523232,0.027586767855979,0.025242835381045,0.022323102992182,0.010557392544227,0.00563716802218,0
2.07866283179315E-08,2.07866283179315E-08,1.13180497758837E-05,0.000197004238589,0.000319965726619,0.000185317551095,0.000203303705016,0.000193017974131,0.000103227910817,0.000131359468846,0.000153992015176,0.000144029179374,0.00013362276735,0.000213455352691,0.000187475956327,0.000228234639287,0.00053989381729,0.000451106760127,0.000437872136426,0.000623433882921,0
2.68389744567616E-12,2.68389744567616E-12,1.91625908653584E-09,7.75951223431861E-09,1.11648814187844E-08,1.20152524871077E-08,1.30451917994525E-08,1.07014695436551E-08,7.4748900071615E-09,6.22881264370054E-09,5.88076711482272E-09,6.21538589638749E-09,0.003303696431893,0.058782763006635,0.088715584067981,0.060733545007013,0.076512731679113,0.065659580716698,0.021730353587077,0.00791403987212,0
2.1543633187019E-10,2.1543633187019E-10,6.97318439924247E-10,2.14270257441904E-09,3.05040993267401E-09,3.22436900422318E-09,3.42654626421577E-09,2.89759713417635E-09,2.07954627023925E-09,1.73520177842529E-09,1.63251247948998E-09,1.80589210983491E-09,0.005618683665768,0.074111796103788,0.130078306270959,0.112284524020068,0.096533286590795,0.080027181368202,0.060381006181598,0.049802605234716,0
2.79911101916202E-13,2.79911101916202E-13,3.94643613340813E-10,1.59836936028223E-09,2.30078238558062E-09,2.47515641882426E-09,2.68630560599104E-09,2.20411046449659E-09,1.53858670052568E-09,1.27956311940294E-09,1.20713049571762E-09,1.27878775745496E-09,0.001712455098362,0.016179180474567,0.024142817296847,0.016669654548436,0.018139664916589,0.01712676508833,0.010046558757809,0.007466673030217,0
3.86779898847025E-15,3.86779898847025E-15,3.8787701477872E-10,1.57196983179645E-09,2.26260276858118E-09,2.43442277915964E-09,2.64249613025485E-09,2.16794293819345E-09,1.51357664608649E-09,1.25961700421483E-09,1.18863044652467E-09,1.25813679335458E-09,0.001830077758049,0.011101836653129,0.015076265618081,0.009180450640703,0.010759720492902,0.013382948827564,0.023552051887595,0.035869903449904,0
1.05578482766419E-12,1.05578482766419E-12,5.295672493491E-09,2.1460783686406E-08,3.08859815071498E-08,3.32345635993988E-08,3.60788559081103E-08,2.95980683283539E-08,2.06677685363593E-08,1.72091676491097E-08,1.62427251476918E-08,1.71817531544618E-08,0.017917266124052,0.193670312183221,0.203181466245965,0.055769700474462,0.090261505824424,0.083358145036942,0.028964228096732,0.01047275314197,0
3.53907041454876E-08,3.53907041454876E-08,0.019437282165973,0.081621265687735,0.106150904953801,0.09332267067983,0.103102335851963,0.106823260901002,0.097134240952327,0.086207677605127,0.087783298016353,0.109169728274932,0.115805861901895,0.101578923908748,0.091129635171569,0.086349786137081,0.08999136744834,0.097699559956728,0.106292520014715,0.1050410263699,0
1.12476521216606E-11,1.12476521216606E-11,7.79367797318735E-09,3.15464429526616E-08,4.54100966277573E-08,4.88481497045349E-08,5.30111181886857E-08,4.34982678510897E-08,3.0362742629973E-08,2.52433521258793E-08,2.38114886975072E-08,2.52350238793224E-08,0.047177050413681,0.265239355789097,0.2997172908067,0.123379969097454,0.19141734548018,0.201011612198545,0.068200320262666,0.022601353802239,0
6.64686505115575E-13,6.64686505115575E-13,5.33111269459377E-10,2.15822010710344E-09,3.1066882145972E-09,3.34195730049486E-09,3.62683564614949E-09,2.97595364783505E-09,2.07729910615962E-09,1.72717400300183E-09,1.62925076921855E-09,1.72649163545519E-09,0.002906418246561,0.017141475466725,0.019257030944615,0.00811650081729,0.011387551230535,0.011173885658221,0.003906872107089,0.001378474120788,0
2.33058395087798E-12,2.33058395087798E-12,5.38114792303983E-11,2.06595313071872E-10,2.95694679648848E-10,3.17613864364923E-10,3.46049570840027E-10,2.87222864406543E-10,2.01618757080609E-10,1.69272463638952E-10,1.60267618349756E-10,1.68206494614243E-10,0.000246913437509,0.001652970289983,0.001859846137984,0.00091099837396,0.00136747259201,0.001216111404803,0.000415315084048,0.000146548657106,0
1.7185994741552E-11,1.7185994741552E-11,1.4754092561174E-09,5.92404134427281E-09,8.52420441402913E-09,9.16484025467656E-09,9.94036445509342E-09,8.16122590012205E-09,5.69766973716343E-09,4.72939156038174E-09,4.43077619627276E-09,4.9130290011206E-09,0.016564950875769,0.10333444091127,0.152331457345688,0.133928580035943,0.151901527395323,0.152381698071818,0.124850520474324,0.106786662510432,0
1.57706720524466E-11,1.57706720524466E-11,1.63705831442614E-09,6.51770340357424E-09,9.55758534302867E-09,1.02080124142097E-08,1.09288739220222E-08,9.09245894129094E-09,6.35657383311428E-09,5.27736633227363E-09,4.97519514190411E-09,5.28336739549772E-09,0.010679801054886,0.082326401118435,0.106046743857376,0.057371980051805,0.063203434339205,0.061818074121228,0.03737332497373,0.028620882238721,0
7.04561505864754E-07,7.04561505864754E-07,0.012102605287265,0.060726557975334,0.10026009230376,0.111787352884101,0.104878417793989,0.085550708171845,0.088413386923136,0.09445538671406,0.093177604314601,0.093398377498756,0.092601556362058,0.091429188031157,0.093849654288524,0.093560947723637,0.093700460920407,0.091384506402289,0.081657902346818,0.080100048805156,0
7.91064303695677E-14,7.91064303695677E-14,2.13894155243815E-09,8.66881294153767E-09,1.24767178348179E-08,1.34248763494775E-08,1.45731289908599E-08,1.19556454369701E-08,8.34769337443371E-09,6.94901263107887E-09,6.55812002270618E-09,6.93929309806935E-09,0.010098823142278,0.078549548762498,0.092452283253529,0.035666425835848,0.051596777354167,0.053360179003026,0.018168364289275,0.006395473091913,0
8.1111563373236E-07,8.1111563373236E-07,2.28538468971965E-05,0.000159548981264,0.000275227795672,0.000195310288647,0.00036797520289,0.000441472695817,0.000232921804219,0.000172267333086,0.000276000322168,0.000718573931849,0.00290152292062,0.012752976344694,0.02722025868689,0.054793611436524,0.076468808581194,0.083247097044136,0.116262618395603,0.111961399712784,0
1.84738124340472E-13,1.84738124340472E-13,3.22726376345204E-10,1.29828303605004E-09,1.85216568347771E-09,1.95253649026113E-09,2.13378284034206E-09,1.78513615110008E-09,1.24938504726132E-09,1.04064260284411E-09,9.82323861946236E-10,1.03873597187757E-09,0.001623469962406,0.011616490094114,0.013365956242057,0.005213131251181,0.007903408488364,0.008198946304962,0.002935418960186,0.001067722061394,0
2.23499897200755E-12,2.23499897200755E-12,1.52062690854614E-09,6.15718389194192E-09,8.8592574273078E-09,9.53406175995702E-09,1.03513634174918E-08,8.49161164698683E-09,5.9314025304745E-09,4.94278194072355E-09,4.63498641855077E-09,5.12581369834405E-09,0.013438564822535,0.105087557106365,0.180535922520171,0.173028519207961,0.183093287447422,0.163965981939452,0.11969104360627,0.116118773241516,0
4.97851719744487E-11,4.97851719744487E-11,2.60863294518596E-09,1.0413415675946E-08,1.49780113555381E-08,1.60994396808749E-08,1.74568421547832E-08,1.4337413954249E-08,1.00126664388201E-08,8.30661118053648E-09,7.82858438931443E-09,8.32431172139027E-09,0.016991597302743,0.080275838329142,0.085763013845363,0.036347912938895,0.051213690880067,0.05022468395068,0.017758841687087,0.00665559880243,0
7.42343202429249E-13,7.42343202429249E-13,1.3248903936961E-09,5.32884940594743E-09,7.60404629057036E-09,8.01425195954455E-09,8.75451968538947E-09,7.32396563881707E-09,5.12382944702476E-09,4.26156404584479E-09,4.02045497944556E-09,4.25868537436063E-09,0.009157214621221,0.044928694026574,0.048438208106493,0.024011453572161,0.03501410969256,0.032020002700769,0.011584636073305,0.004587308277504,0
6.39911483710383E-13,6.39911483710383E-13,1.22022970149394E-09,4.83440339334774E-09,6.95087047946324E-09,7.45919522940671E-09,8.11908335216936E-09,6.73376862271694E-09,4.70061635881707E-09,3.90965126820017E-09,3.68848228729386E-09,3.90694120152376E-09,0.003547458941715,0.042624703670897,0.055211804740858,0.025156246681971,0.032084222020502,0.031164920049003,0.011050940413777,0.003937305937607,0
2.18968146139994E-11,2.18968146139994E-11,2.37583589247728E-09,9.55760465721849E-09,1.37542350951496E-08,1.47893703483361E-08,1.60425103018353E-08,1.31696132549801E-08,9.19345230056129E-09,7.63291243357814E-09,7.19598654295069E-09,7.64122327317855E-09,0.005669200157865,0.074866688373542,0.095145543129014,0.041427006048337,0.052855518241958,0.050355486784348,0.017583520327333,0.00631217888036,0
1.04819758505153E-07,1.04819758505153E-07,0.000117234855569,0.000261183150341,0.000412887186719,0.000629983839751,0.000833156358252,0.000579415615021,0.000413835754005,0.00078501199043,0.00095253086431,0.000857996561233,0.000527515046259,0.000341795772771,0.000647388979307,0.000781965933142,0.000488331249307,0.00027141216261,0.00047424757466,0.000570217845997,0
7.01875664538032E-07,7.0212588075909E-07,4.24669410999236E-05,0.000303019354139,0.000604491118585,0.00045964498151,0.000356821217921,0.000421506413512,0.000399900234399,0.000309995525717,0.000227567039074,0.000286320176723,0.00036508515569,0.000402727619127,0.000520734839116,0.000492506644419,0.000672818517645,0.000843563256315,0.000513168121182,0.000638612544164,0
1.94888801259616E-12,1.94888801259616E-12,7.19784045663306E-09,2.85276026552296E-08,4.10096993165241E-08,4.40197159689867E-08,4.79267646951775E-08,3.97448865746236E-08,2.77538651334349E-08,2.31112550708995E-08,2.18140203111316E-08,2.30730788854495E-08,0.035226571669254,0.232983629245541,0.284385761114993,0.138417828914814,0.19024540803802,0.186458341884106,0.064104140993895,0.021735938391101,0
2.37244714352785E-12,2.37244714352785E-12,1.4306553735217E-09,5.78984283083627E-09,8.33428625125168E-09,8.96512477503757E-09,9.72896872154475E-09,7.98323402485184E-09,5.57242818772284E-09,4.63253998076227E-09,4.36964591131559E-09,4.63131968646169E-09,0.014158895548023,0.065047682527766,0.072937475765425,0.040100754623978,0.051295800211777,0.049253547552401,0.027091050622806,0.019034009025106,0
1.75855956873793E-13,1.75855956873793E-13,8.76912360743582E-10,3.47566117370268E-09,4.99650066318513E-09,5.36316001388412E-09,5.83909271823697E-09,4.8422831228476E-09,3.38127906949961E-09,2.81545799177941E-09,2.65735004810679E-09,2.8109642609437E-09,0.00478838908524,0.027227208368546,0.034327307103307,0.019120151608414,0.02207091672166,0.019910597322555,0.007063398773513,0.002630890872287,0
7.11875593538994E-12,7.11875593538994E-12,2.6462190209552E-10,1.05157842399433E-09,1.50902649070371E-09,1.6246097413914E-09,1.76466112233209E-09,1.44820198549944E-09,1.01475656624521E-09,8.49996413644211E-10,8.04087107992349E-10,8.45573010396493E-10,0.001879968262059,0.010375207248849,0.014634364534693,0.014055977673271,0.020239311608668,0.03007213767017,0.027767946682777,0.021865540325189,0
1.76457476342458E-11,1.76457476342458E-11,4.37890913883714E-09,1.76986069970373E-08,2.54570928818459E-08,2.73991477000714E-08,2.97515055126249E-08,2.44061994913286E-08,1.70550022461153E-08,1.4225082252075E-08,1.34350282374792E-08,1.41854872138176E-08,0.032541901617332,0.133352428740979,0.140489745952368,0.062725451047065,0.084924633027694,0.082935276966187,0.028737091708736,0.010425382682999,0
6.7032861424743E-16,6.7032861424743E-16,1.14304368289269E-10,4.63250480924307E-10,6.66773494546898E-10,7.17410654444169E-10,7.78732209333689E-10,6.38881747123898E-10,4.46046135168263E-10,3.71213276776615E-10,3.50296345381057E-10,3.70770438211798E-10,0.00035146897423,0.003805071716808,0.005218806642347,0.00264720865447,0.0031305951473,0.003016628355225,0.001038205862977,0.00036707532495,0
5.017073600616E-13,5.017073600616E-13,4.67046012387834E-09,1.89261739561841E-08,2.72421448642748E-08,2.93096753294634E-08,3.1813384458969E-08,2.61008929928868E-08,1.82216264944525E-08,1.51610154094815E-08,1.43054050967777E-08,1.51458456295695E-08,0.011550454300279,0.144963731977008,0.196353639862771,0.096703209045347,0.118889300153181,0.114303488346461,0.039466586316932,0.01395762093296,0
1.38304618435549E-12,1.38304618435549E-12,7.07413502413103E-10,2.84206708590789E-09,4.05549518927973E-09,4.27378851791197E-09,4.66761789574194E-09,3.90502831440489E-09,2.73176608913446E-09,2.2707878138773E-09,2.14184010436715E-09,2.27039299396558E-09,0.001514598885166,0.023891980839788,0.037820767361651,0.025132411189714,0.023926798285054,0.021630602237215,0.013002923039088,0.010562376593221,0
